{
    "best_model": {
        "val_loss": 0.8705092122157415,
        "val_acc": 0.6825842696629213,
        "epoch": 4
    }
}