{
    "best_model": {
        "val_loss": 0.9309528370698293,
        "val_acc": 0.6390449438202247,
        "epoch": 2
    }
}