{
    "best_model": {
        "val_loss": 0.8633256802956263,
        "val_acc": 0.6699438202247191,
        "epoch": 11
    }
}