{
    "best_model": {
        "val_loss": 0.824373851219813,
        "val_acc": 0.7387640449438202,
        "epoch": 6
    }
}