{
    "best_model": {
        "val_loss": 0.9087860186894735,
        "val_acc": 0.6839887640449438,
        "epoch": 3
    }
}