{
    "best_model": {
        "val_loss": 0.9036425600449244,
        "val_acc": 0.6825842696629213,
        "epoch": 3
    }
}